<pnga frames="38" plays="0">
  <image src="frame01.png" length="40/100"></image>
  <image src="frame02.png" length="40/100"></image>
  <image src="frame03.png" length="40/100"></image>
  <image src="frame04.png" length="40/100"></image>
  <image src="frame05.png" length="40/100"></image>
  <image src="frame06.png" length="40/100"></image>
  <image src="frame07.png" length="40/100"></image>
  <image src="frame08.png" length="40/100"></image>
  <image src="frame09.png" length="40/100"></image>
  <image src="frame10.png" length="40/100"></image>
  <image src="frame11.png" length="40/100"></image>
  <image src="frame12.png" length="40/100"></image>
  <image src="frame13.png" length="40/100"></image>
  <image src="frame14.png" length="40/100"></image>
  <image src="frame15.png" length="40/100"></image>
  <image src="frame16.png" length="40/100"></image>
  <image src="frame17.png" length="40/100"></image>
  <image src="frame18.png" length="40/100"></image>
  <image src="frame19.png" length="40/100"></image>
  <image src="frame20.png" length="40/100"></image>
  <image src="frame21.png" length="40/100"></image>
  <image src="frame22.png" length="40/100"></image>
  <image src="frame23.png" length="40/100"></image>
  <image src="frame24.png" length="40/100"></image>
  <image src="frame25.png" length="40/100"></image>
  <image src="frame26.png" length="40/100"></image>
  <image src="frame27.png" length="40/100"></image>
  <image src="frame28.png" length="40/100"></image>
  <image src="frame29.png" length="40/100"></image>
  <image src="frame30.png" length="40/100"></image>
  <image src="frame31.png" length="40/100"></image>
  <image src="frame32.png" length="40/100"></image>
  <image src="frame33.png" length="40/100"></image>
  <image src="frame34.png" length="40/100"></image>
  <image src="frame35.png" length="40/100"></image>
  <image src="frame36.png" length="40/100"></image>
  <image src="frame37.png" length="40/100"></image>
  <image src="frame38.png" length="40/100"></image>
</pnga>
