<pnga frames="38" plays="0">
  <image src="example/frame01.png" length="1/25"></image>
  <image src="example/frame02.png" length="1/25"></image>
  <image src="example/frame03.png" length="1/25"></image>
  <image src="example/frame04.png" length="1/25"></image>
  <image src="example/frame05.png" length="1/25"></image>
  <image src="example/frame06.png" length="1/25"></image>
  <image src="example/frame07.png" length="1/25"></image>
  <image src="example/frame08.png" length="1/25"></image>
  <image src="example/frame09.png" length="1/25"></image>
  <image src="example/frame10.png" length="1/25"></image>
  <image src="example/frame11.png" length="1/25"></image>
  <image src="example/frame12.png" length="1/25"></image>
  <image src="example/frame13.png" length="1/25"></image>
  <image src="example/frame14.png" length="1/25"></image>
  <image src="example/frame15.png" length="1/25"></image>
  <image src="example/frame16.png" length="1/25"></image>
  <image src="example/frame17.png" length="1/25"></image>
  <image src="example/frame18.png" length="1/25"></image>
  <image src="example/frame19.png" length="1/25"></image>
  <image src="example/frame20.png" length="1/25"></image>
  <image src="example/frame21.png" length="1/25"></image>
  <image src="example/frame22.png" length="1/25"></image>
  <image src="example/frame23.png" length="1/25"></image>
  <image src="example/frame24.png" length="1/25"></image>
  <image src="example/frame25.png" length="1/25"></image>
  <image src="example/frame26.png" length="1/25"></image>
  <image src="example/frame27.png" length="1/25"></image>
  <image src="example/frame28.png" length="1/25"></image>
  <image src="example/frame29.png" length="1/25"></image>
  <image src="example/frame30.png" length="1/25"></image>
  <image src="example/frame31.png" length="1/25"></image>
  <image src="example/frame32.png" length="1/25"></image>
  <image src="example/frame33.png" length="1/25"></image>
  <image src="example/frame34.png" length="1/25"></image>
  <image src="example/frame35.png" length="1/25"></image>
  <image src="example/frame36.png" length="1/25"></image>
  <image src="example/frame37.png" length="1/25"></image>
  <image src="example/frame38.png" length="1/25"></image>
</pnga>
